Filename,True Label,Raw Predicted Label,Predicted Label,Forced To Others,Raw Top Confidence,Raw Margin,Entropy,Prob_dog_bark,Prob_others
dog_bark_test_001.wav,dog_bark,dog_bark,dog_bark,False,0.9011968374252319,0.8023937195539474,0.46519011090000717,0.90119684,0.09880312
dog_bark_test_002.wav,dog_bark,dog_bark,dog_bark,False,0.8671990633010864,0.73439821600914,0.5650698953018376,0.86719906,0.13280085
dog_bark_test_003.wav,dog_bark,dog_bark,dog_bark,False,0.8642644286155701,0.7285288274288177,0.572960803288725,0.8642644,0.1357356
dog_bark_test_004.wav,dog_bark,dog_bark,dog_bark,False,0.8482925295829773,0.6965851336717606,0.6140966886136595,0.8482925,0.1517074
dog_bark_test_005.wav,dog_bark,dog_bark,dog_bark,False,0.5024330019950867,0.0048659443855285645,0.9999828904740745,0.49756706,0.502433
dog_bark_test_006.wav,dog_bark,dog_bark,dog_bark,False,0.9016222953796387,0.8032445907592773,0.4638318349191554,0.9016223,0.098377705
dog_bark_test_007.wav,dog_bark,dog_bark,dog_bark,False,0.8863524794578552,0.7727050185203552,0.5108207628052411,0.8863525,0.11364746
dog_bark_test_008.wav,dog_bark,dog_bark,dog_bark,False,0.8831074237823486,0.7662148475646973,0.520362188292459,0.8831074,0.116892576
dog_bark_test_009.wav,dog_bark,others,others,False,0.5913156867027283,0.18263143301010132,0.9758044515285502,0.40868425,0.5913157
dog_bark_test_010.wav,dog_bark,dog_bark,dog_bark,False,0.7928524017333984,0.5857047736644745,0.7359950248444909,0.7928524,0.20714763
dog_bark_test_011.wav,dog_bark,dog_bark,dog_bark,False,0.8993101119995117,0.798620268702507,0.4711785897987129,0.8993101,0.10068984
dog_bark_test_012.wav,dog_bark,dog_bark,dog_bark,False,0.8911844491958618,0.7823688983917236,0.49633294429655817,0.89118445,0.10881555
dog_bark_test_013.wav,dog_bark,dog_bark,dog_bark,False,0.8981744050979614,0.7963488698005676,0.47475591492798475,0.8981744,0.101825535
dog_bark_test_014.wav,dog_bark,dog_bark,dog_bark,False,0.9025307297706604,0.8050614297389984,0.46092171648390584,0.9025307,0.0974693
dog_bark_test_015.wav,dog_bark,dog_bark,dog_bark,False,0.9055587649345398,0.8111176490783691,0.4511226609856956,0.90555876,0.094441116
dog_bark_test_016.wav,dog_bark,dog_bark,dog_bark,False,0.8740079402923584,0.748015820980072,0.5463430914103509,0.87400794,0.12599212
dog_bark_test_017.wav,dog_bark,dog_bark,dog_bark,False,0.8754768371582031,0.7509537413716316,0.542224192913512,0.87547684,0.124523096
dog_bark_test_018.wav,dog_bark,dog_bark,dog_bark,False,0.8969698548316956,0.7939396724104881,0.4785280104093587,0.89696985,0.10303018
dog_bark_test_019.wav,dog_bark,dog_bark,dog_bark,False,0.8749427795410156,0.7498855292797089,0.5437251285032544,0.8749428,0.12505725
dog_bark_test_020.wav,dog_bark,dog_bark,dog_bark,False,0.8864527344703674,0.7729054614901543,0.5105237917628638,0.88645273,0.11354727
dog_bark_test_021.wav,dog_bark,dog_bark,dog_bark,False,0.8746312856674194,0.749262660741806,0.5445984993999985,0.8746313,0.12536862
dog_bark_test_022.wav,dog_bark,dog_bark,dog_bark,False,0.8582347631454468,0.7164696305990219,0.5888430571306037,0.85823476,0.14176513
dog_bark_test_023.wav,dog_bark,dog_bark,dog_bark,False,0.8929588198661804,0.785917691886425,0.49092615371873316,0.8929588,0.10704113
dog_bark_test_024.wav,dog_bark,dog_bark,dog_bark,False,0.8825236558914185,0.7650473564863205,0.5220628387355158,0.88252366,0.1174763
dog_bark_test_025.wav,dog_bark,dog_bark,dog_bark,False,0.8738437294960022,0.7476875483989716,0.5468015541618884,0.8738437,0.12615618
dog_bark_test_026.wav,dog_bark,dog_bark,dog_bark,False,0.8846310973167419,0.7692621648311615,0.5159008293420895,0.8846311,0.11536893
dog_bark_test_027.wav,dog_bark,dog_bark,dog_bark,False,0.8663114309310913,0.7326228320598602,0.5674680643811313,0.86631143,0.1336886
dog_bark_test_028.wav,dog_bark,dog_bark,dog_bark,False,0.8832563757896423,0.7665127143263817,0.5199275451380658,0.8832564,0.11674366
dog_bark_test_029.wav,dog_bark,dog_bark,dog_bark,False,0.8706915378570557,0.7413830161094666,0.5555387027823462,0.87069154,0.12930852
dog_bark_test_030.wav,dog_bark,dog_bark,dog_bark,False,0.8865187168121338,0.773037314414978,0.5103282474888328,0.8865187,0.1134814
dog_bark_test_031.wav,dog_bark,dog_bark,dog_bark,False,0.8574315309524536,0.7148629873991013,0.590926110997854,0.85743153,0.14256854
dog_bark_test_032.wav,dog_bark,dog_bark,dog_bark,False,0.8686716556549072,0.7373432815074921,0.5610699658037331,0.86867166,0.13132837
dog_bark_test_033.wav,dog_bark,dog_bark,dog_bark,False,0.7780282497406006,0.556056410074234,0.7637516488325412,0.77802825,0.22197184
dog_bark_test_034.wav,dog_bark,dog_bark,dog_bark,False,0.8760837316513062,0.7521674633026123,0.5405142984029713,0.87608373,0.12391627
dog_bark_test_035.wav,dog_bark,dog_bark,dog_bark,False,0.5155848264694214,0.03116968274116516,0.9992990014629185,0.48441514,0.5155848
dog_bark_test_036.wav,dog_bark,dog_bark,dog_bark,False,0.8934333324432373,0.7868667542934418,0.4894721693926763,0.89343333,0.10656658
dog_bark_test_037.wav,dog_bark,dog_bark,dog_bark,False,0.8985345363616943,0.797069139778614,0.4736237531373549,0.89853454,0.1014654
dog_bark_test_038.wav,dog_bark,dog_bark,dog_bark,False,0.8976991176605225,0.7953982129693031,0.47624709050229075,0.8976991,0.102300905
dog_bark_test_039.wav,dog_bark,dog_bark,dog_bark,False,0.8767650127410889,0.7535300329327583,0.5385887806439112,0.876765,0.12323498
dog_bark_test_040.wav,dog_bark,dog_bark,dog_bark,False,0.8830239772796631,0.7660479694604874,0.5206055867390925,0.883024,0.11697601
dog_bark_test_041.wav,dog_bark,dog_bark,dog_bark,False,0.9017711281776428,0.8035422265529633,0.4633560449155435,0.9017711,0.0982289
dog_bark_test_042.wav,dog_bark,dog_bark,dog_bark,False,0.7130119800567627,0.4260239005088806,0.8647986794857776,0.713012,0.28698808
dog_bark_test_043.wav,dog_bark,dog_bark,dog_bark,False,0.835627019405365,0.6712540835142136,0.6446691845442867,0.835627,0.16437294
dog_bark_test_044.wav,dog_bark,dog_bark,dog_bark,False,0.8539624214172363,0.7079248279333115,0.5998348983038729,0.8539624,0.1460376
dog_bark_test_045.wav,dog_bark,dog_bark,dog_bark,False,0.8496913313865662,0.6993826180696487,0.6106122771115162,0.84969133,0.15030871
dog_bark_test_046.wav,dog_bark,dog_bark,dog_bark,False,0.8825752139091492,0.7651503831148148,0.5219129558552889,0.8825752,0.11742483
dog_bark_test_047.wav,dog_bark,dog_bark,dog_bark,False,0.8989761471748352,0.7979523167014122,0.47223271446151377,0.89897615,0.10102383
dog_bark_test_048.wav,dog_bark,dog_bark,dog_bark,False,0.8994002938270569,0.7988006472587585,0.47089361454623324,0.8994003,0.10059965
dog_bark_test_049.wav,dog_bark,dog_bark,dog_bark,False,0.8989084959030151,0.7978170290589333,0.47244597294858365,0.8989085,0.10109147
dog_bark_test_050.wav,dog_bark,dog_bark,dog_bark,False,0.8753491640090942,0.7506983727216721,0.5425833356841763,0.87534916,0.12465079
dog_bark_test_051.wav,dog_bark,dog_bark,dog_bark,False,0.8754594922065735,0.7509190440177917,0.5422729929906943,0.8754595,0.12454045
dog_bark_test_052.wav,dog_bark,dog_bark,dog_bark,False,0.8795693516731262,0.75913867354393,0.5305975207802454,0.87956935,0.12043068
dog_bark_test_053.wav,dog_bark,dog_bark,dog_bark,False,0.8710378408432007,0.7420757412910461,0.5545849729919865,0.87103784,0.1289621
dog_bark_test_054.wav,dog_bark,dog_bark,dog_bark,False,0.8786002397537231,0.7572005465626717,0.5333709560037218,0.87860024,0.12139969
dog_bark_test_055.wav,dog_bark,dog_bark,dog_bark,False,0.8335056304931641,0.6670113205909729,0.6496221559021473,0.83350563,0.16649431
dog_bark_test_056.wav,dog_bark,dog_bark,dog_bark,False,0.8838701248168945,0.7677401974797249,0.5181330781589634,0.8838701,0.11612993
dog_bark_test_057.wav,dog_bark,dog_bark,dog_bark,False,0.8914229273796082,0.7828458249568939,0.49560902632341386,0.8914229,0.1085771
dog_bark_test_058.wav,dog_bark,dog_bark,dog_bark,False,0.9032167196273804,0.8064334541559219,0.4587150500863479,0.9032167,0.096783265
dog_bark_test_059.wav,dog_bark,dog_bark,dog_bark,False,0.887022078037262,0.7740441113710403,0.5088335462701841,0.8870221,0.11297797
dog_bark_test_060.wav,dog_bark,dog_bark,dog_bark,False,0.8404476642608643,0.6808952838182449,0.6332375407370985,0.84044766,0.15955238
dog_bark_test_061.wav,dog_bark,dog_bark,dog_bark,False,0.8998438119888306,0.7996876537799835,0.4694904510935063,0.8998438,0.10015616
dog_bark_test_062.wav,dog_bark,dog_bark,dog_bark,False,0.8864760398864746,0.7729521244764328,0.5104545257502288,0.88647604,0.113523915
dog_bark_test_063.wav,dog_bark,dog_bark,dog_bark,False,0.8303859829902649,0.6607719361782074,0.6568210916932883,0.830386,0.16961405
dog_bark_test_064.wav,dog_bark,dog_bark,dog_bark,False,0.8779139518737793,0.7558279931545258,0.5353274736355997,0.87791395,0.12208596
dog_bark_test_065.wav,dog_bark,dog_bark,dog_bark,False,0.8906893730163574,0.7813787683844566,0.4978330199730463,0.8906894,0.109310605
dog_bark_test_066.wav,dog_bark,dog_bark,dog_bark,False,0.8817645311355591,0.7635290324687958,0.5242674843369262,0.88176453,0.1182355
dog_bark_test_067.wav,dog_bark,dog_bark,dog_bark,False,0.8743677139282227,0.7487354129552841,0.5453368639158153,0.8743677,0.1256323
dog_bark_test_068.wav,dog_bark,dog_bark,dog_bark,False,0.8684480786323547,0.7368962615728378,0.5616788703791129,0.8684481,0.13155182
dog_bark_test_069.wav,dog_bark,dog_bark,dog_bark,False,0.68180251121521,0.36360496282577515,0.9024105113075449,0.6818025,0.31819755
dog_bark_test_070.wav,dog_bark,dog_bark,dog_bark,False,0.718142032623291,0.4362840950489044,0.8579700223419443,0.71814203,0.28185794
dog_bark_test_071.wav,dog_bark,dog_bark,dog_bark,False,0.8588951826095581,0.7177903801202774,0.5871249504484842,0.8588952,0.1411048
dog_bark_test_072.wav,dog_bark,dog_bark,dog_bark,False,0.8478968739509583,0.6957937031984329,0.6150784945717725,0.8478969,0.15210317
dog_bark_test_073.wav,dog_bark,dog_bark,dog_bark,False,0.8634145259857178,0.7268289923667908,0.5752262447572154,0.8634145,0.13658553
dog_bark_test_074.wav,dog_bark,dog_bark,dog_bark,False,0.8984174728393555,0.7968350052833557,0.47399201098851484,0.8984175,0.10158247
dog_bark_test_075.wav,dog_bark,dog_bark,dog_bark,False,0.8417056202888489,0.6834111362695694,0.6302136557783031,0.8417056,0.15829448
dog_bark_test_076.wav,dog_bark,dog_bark,dog_bark,False,0.9008463621139526,0.8016927316784859,0.46630692323904754,0.90084636,0.09915363
dog_bark_test_077.wav,dog_bark,dog_bark,dog_bark,False,0.8994957208633423,0.7989915013313293,0.47059199997228257,0.8994957,0.10050422
dog_bark_test_078.wav,dog_bark,dog_bark,dog_bark,False,0.8779152035713196,0.7558304592967033,0.5353239049955943,0.8779152,0.122084744
dog_bark_test_079.wav,dog_bark,dog_bark,dog_bark,False,0.9005546569824219,0.8011093288660049,0.46723489862744055,0.90055466,0.09944533
dog_bark_test_080.wav,dog_bark,dog_bark,dog_bark,False,0.8600077629089355,0.7200155109167099,0.5842185296402281,0.86000776,0.13999225
dog_bark_test_081.wav,dog_bark,dog_bark,dog_bark,False,0.876059889793396,0.7521197721362114,0.5405815006237958,0.8760599,0.12394012
dog_bark_test_082.wav,dog_bark,dog_bark,dog_bark,False,0.8989987373352051,0.7979975193738937,0.4721614276527311,0.89899874,0.10100122
dog_bark_test_083.wav,dog_bark,dog_bark,dog_bark,False,0.8889768123626709,0.7779536545276642,0.5029944772994155,0.8889768,0.11102316
dog_bark_test_084.wav,dog_bark,dog_bark,dog_bark,False,0.8299865126609802,0.6599729806184769,0.6577356954305766,0.8299865,0.17001353
dog_bark_test_085.wav,dog_bark,dog_bark,dog_bark,False,0.8858024477958679,0.7716048583388329,0.5124487075826458,0.88580245,0.11419759
dog_bark_test_086.wav,dog_bark,dog_bark,dog_bark,False,0.7745097279548645,0.5490194261074066,0.7700665937982473,0.7745097,0.2254903
dog_bark_test_087.wav,dog_bark,dog_bark,dog_bark,False,0.8899275064468384,0.7798550799489021,0.5001344488112297,0.8899275,0.11007243
dog_bark_test_088.wav,dog_bark,dog_bark,dog_bark,False,0.8628672361373901,0.7257344424724579,0.5766803150745977,0.86286724,0.1371328
dog_bark_test_089.wav,dog_bark,dog_bark,dog_bark,False,0.722191572189331,0.44438308477401733,0.8524474874400887,0.7221916,0.2778085
dog_bark_test_090.wav,dog_bark,dog_bark,dog_bark,False,0.7802485227584839,0.5604970902204514,0.7597134101989571,0.7802485,0.21975143
dog_bark_test_091.wav,dog_bark,dog_bark,dog_bark,False,0.8721505403518677,0.7443011105060577,0.551510611125163,0.87215054,0.12784943
dog_bark_test_092.wav,dog_bark,dog_bark,dog_bark,False,0.7754403352737427,0.5508807450532913,0.7684062732868178,0.77544034,0.22455959
dog_bark_test_093.wav,dog_bark,dog_bark,dog_bark,False,0.8775404691696167,0.7550809532403946,0.5363896384873285,0.87754047,0.122459516
dog_bark_test_094.wav,dog_bark,dog_bark,dog_bark,False,0.8550451993942261,0.7100903987884521,0.5970693312866735,0.8550452,0.1449548
dog_bark_test_095.wav,dog_bark,dog_bark,dog_bark,False,0.8730028867721558,0.7460058182477951,0.5491447747842314,0.8730029,0.12699707
dog_bark_test_096.wav,dog_bark,others,others,False,0.6966848969459534,0.39336979389190674,0.8853056328006825,0.3033151,0.6966849
dog_bark_test_097.wav,dog_bark,dog_bark,dog_bark,False,0.8496407866477966,0.6992816478013992,0.6107384263859241,0.8496408,0.15035914
dog_bark_test_098.wav,dog_bark,dog_bark,dog_bark,False,0.8621572256088257,0.7243143022060394,0.5785614613097351,0.8621572,0.13784292
dog_bark_test_099.wav,dog_bark,dog_bark,dog_bark,False,0.9038387537002563,0.8076775819063187,0.4567074106115009,0.90383875,0.09616117
dog_bark_test_100.wav,dog_bark,dog_bark,dog_bark,False,0.8580711483955383,0.716142326593399,0.5892680692565484,0.85807115,0.14192882
dog_bark_test_101.wav,dog_bark,dog_bark,dog_bark,False,0.8559271097183228,0.7118542194366455,0.5948067705275851,0.8559271,0.14407289
dog_bark_test_102.wav,dog_bark,dog_bark,dog_bark,False,0.8986198902130127,0.7972396910190582,0.47335541720634616,0.8986199,0.1013802
dog_bark_test_103.wav,dog_bark,dog_bark,dog_bark,False,0.8774917721748352,0.7549835592508316,0.5365279125386222,0.8774918,0.12250821
dog_bark_test_104.wav,dog_bark,dog_bark,dog_bark,False,0.8370037078857422,0.6740074157714844,0.641429676336972,0.8370037,0.16299629
dog_bark_test_105.wav,dog_bark,dog_bark,dog_bark,False,0.8415336608886719,0.6830673515796661,0.6306278759929063,0.84153366,0.15846631
dog_bark_test_106.wav,dog_bark,dog_bark,dog_bark,False,0.8593834638595581,0.7187668979167938,0.5858512469361943,0.85938346,0.14061657
dog_bark_test_107.wav,dog_bark,dog_bark,dog_bark,False,0.8775924444198608,0.7551848590373993,0.5362419913815628,0.87759244,0.122407585
dog_bark_test_108.wav,dog_bark,dog_bark,dog_bark,False,0.8917295932769775,0.7834592387080193,0.4946767083730866,0.8917296,0.108270355
dog_bark_test_109.wav,dog_bark,dog_bark,dog_bark,False,0.8130055069923401,0.6260110139846802,0.6951416640192613,0.8130055,0.1869945
dog_bark_test_110.wav,dog_bark,dog_bark,dog_bark,False,0.8940044045448303,0.788008876144886,0.4877179033582129,0.8940044,0.10599553
dog_bark_test_111.wav,dog_bark,dog_bark,dog_bark,False,0.8239487409591675,0.6478974521160126,0.6713620528410879,0.82394874,0.17605129
dog_bark_test_112.wav,dog_bark,dog_bark,dog_bark,False,0.8804385662078857,0.7608771622180939,0.5280988708371851,0.88043857,0.119561404
dog_bark_test_113.wav,dog_bark,dog_bark,dog_bark,False,0.8892407417297363,0.7784814536571503,0.502201938248577,0.88924074,0.11075929
dog_bark_test_114.wav,dog_bark,dog_bark,dog_bark,False,0.9013946652412415,0.8027893751859665,0.464558891575678,0.90139467,0.09860529
dog_bark_test_115.wav,dog_bark,dog_bark,dog_bark,False,0.8965271711349487,0.7930543422698975,0.4799085151478345,0.8965272,0.10347283
dog_bark_test_116.wav,dog_bark,dog_bark,dog_bark,False,0.8987835645675659,0.7975670993328094,0.47283989921038494,0.89878356,0.101216465
dog_bark_test_117.wav,dog_bark,dog_bark,dog_bark,False,0.8237980604171753,0.647596150636673,0.6716974190102704,0.82379806,0.17620191
dog_bark_test_118.wav,dog_bark,dog_bark,dog_bark,False,0.90678870677948,0.8135773092508316,0.44709899788177204,0.9067887,0.0932114
dog_bark_test_119.wav,dog_bark,dog_bark,dog_bark,False,0.895875096321106,0.7917501777410507,0.48193649157114604,0.8958751,0.10412492
dog_bark_test_120.wav,dog_bark,dog_bark,dog_bark,False,0.8729855418205261,0.7459710836410522,0.5491931019091238,0.87298554,0.12701446
dog_bark_test_121.wav,dog_bark,dog_bark,dog_bark,False,0.8784224987030029,0.7568449079990387,0.5338785198020807,0.8784225,0.12157759
dog_bark_test_122.wav,dog_bark,dog_bark,dog_bark,False,0.8785420060157776,0.7570839300751686,0.5335375212010824,0.878542,0.121458076
dog_bark_test_123.wav,dog_bark,dog_bark,dog_bark,False,0.901639461517334,0.803278960287571,0.4637768864622048,0.90163946,0.0983605
dog_bark_test_124.wav,dog_bark,dog_bark,dog_bark,False,0.8799044489860535,0.7598090022802353,0.5296352778486679,0.87990445,0.12009545
dog_bark_test_125.wav,dog_bark,dog_bark,dog_bark,False,0.8957400918006897,0.791480153799057,0.48235561329129867,0.8957401,0.10425994
dog_bark_test_126.wav,dog_bark,dog_bark,dog_bark,False,0.8873751163482666,0.7747502326965332,0.5077829902473886,0.8873751,0.11262488
dog_bark_test_127.wav,dog_bark,dog_bark,dog_bark,False,0.87509685754776,0.7501936629414558,0.5432925921363345,0.87509686,0.124903195
dog_bark_test_128.wav,dog_bark,dog_bark,dog_bark,False,0.8835667371749878,0.7671334519982338,0.5190207666113917,0.88356674,0.116433285
dog_bark_test_129.wav,dog_bark,dog_bark,dog_bark,False,0.8838257789611816,0.7676515951752663,0.5182628390690394,0.8838258,0.116174184
dog_bark_test_130.wav,dog_bark,dog_bark,dog_bark,False,0.8895658254623413,0.779131606221199,0.5012242598740846,0.8895658,0.11043422
dog_bark_test_131.wav,dog_bark,dog_bark,dog_bark,False,0.7002396583557129,0.4004792273044586,0.8809978113618709,0.70023966,0.29976043
dog_bark_test_132.wav,dog_bark,dog_bark,dog_bark,False,0.7877597212791443,0.5755194574594498,0.7457431734780458,0.7877597,0.21224026
dog_bark_test_133.wav,dog_bark,dog_bark,dog_bark,False,0.8701398968696594,0.7402798533439636,0.5570542998930746,0.8701399,0.12986004
dog_bark_test_134.wav,dog_bark,dog_bark,dog_bark,False,0.8973289132118225,0.7946578711271286,0.47740590960380436,0.8973289,0.10267104
dog_bark_test_135.wav,dog_bark,dog_bark,dog_bark,False,0.8518272638320923,0.7036544233560562,0.6052487401703832,0.85182726,0.14817284
dog_bark_test_136.wav,dog_bark,others,others,False,0.798304557800293,0.5966091305017471,0.725306045119391,0.20169543,0.79830456
dog_bark_test_137.wav,dog_bark,dog_bark,dog_bark,False,0.8822152614593506,0.7644304931163788,0.5229595132814517,0.88221526,0.11778477
dog_bark_test_138.wav,dog_bark,dog_bark,dog_bark,False,0.8072308897972107,0.6144617944955826,0.7072284327392486,0.8072309,0.1927691
dog_bark_test_139.wav,dog_bark,dog_bark,dog_bark,False,0.9045045375823975,0.8090090751647949,0.4545517370699237,0.90450454,0.09549546
dog_bark_test_140.wav,dog_bark,dog_bark,dog_bark,False,0.8962001800537109,0.7924003452062607,0.4809263084756406,0.8962002,0.103799835
dog_bark_test_141.wav,dog_bark,dog_bark,dog_bark,False,0.8772401809692383,0.7544803619384766,0.5372421994833182,0.8772402,0.12275982
dog_bark_test_142.wav,dog_bark,dog_bark,dog_bark,False,0.8261988162994385,0.6523975878953934,0.6663268737761147,0.8261988,0.17380123
dog_bark_test_143.wav,dog_bark,dog_bark,dog_bark,False,0.8884863257408142,0.7769726514816284,0.504464842972967,0.8884863,0.111513674
dog_bark_test_144.wav,dog_bark,dog_bark,dog_bark,False,0.798431396484375,0.59686279296875,0.7250542625185279,0.7984314,0.2015686
dog_bark_test_145.wav,dog_bark,dog_bark,dog_bark,False,0.9081854224205017,0.8163708597421646,0.4424977740405885,0.9081854,0.09181456
dog_bark_test_146.wav,dog_bark,dog_bark,dog_bark,False,0.9062988758087158,0.8125976398587227,0.44870471390155264,0.9062989,0.093701236
dog_bark_test_147.wav,dog_bark,dog_bark,dog_bark,False,0.5458678007125854,0.09173557162284851,0.993921017979113,0.45413223,0.5458678
dog_bark_test_148.wav,dog_bark,others,others,False,0.6894005537033081,0.3788011074066162,0.8938641774382194,0.31059945,0.68940055
dog_bark_test_149.wav,dog_bark,others,others,False,0.772996187210083,0.5459922254085541,0.7727517589261683,0.22700396,0.7729962
dog_bark_test_150.wav,dog_bark,dog_bark,dog_bark,False,0.5402801036834717,0.08056020736694336,0.9953134755118238,0.4597199,0.5402801
dog_bark_test_151.wav,dog_bark,dog_bark,dog_bark,False,0.7997809052467346,0.5995617806911469,0.7223660876942167,0.7997809,0.20021912
dog_bark_test_152.wav,dog_bark,dog_bark,dog_bark,False,0.9052935242652893,0.8105870708823204,0.45198726076724566,0.9052935,0.09470645
dog_bark_test_153.wav,dog_bark,dog_bark,dog_bark,False,0.9015354514122009,0.803070917725563,0.46410932892632256,0.90153545,0.09846453
dog_bark_test_154.wav,dog_bark,dog_bark,dog_bark,False,0.9027346968650818,0.8054694682359695,0.460266247605805,0.9027347,0.09726523
dog_bark_test_155.wav,dog_bark,dog_bark,dog_bark,False,0.8823667168617249,0.7647334486246109,0.5225193236865684,0.8823667,0.11763327
dog_bark_test_156.wav,dog_bark,dog_bark,dog_bark,False,0.7476271986961365,0.4952544569969177,0.815017183306307,0.7476272,0.25237274
dog_bark_test_157.wav,dog_bark,dog_bark,dog_bark,False,0.5529168248176575,0.10583370923995972,0.9919052093283501,0.5529168,0.44708312
dog_bark_test_158.wav,dog_bark,others,others,False,0.6115641593933105,0.22312837839126587,0.9637826922505891,0.38843578,0.61156416
dog_bark_test_159.wav,dog_bark,dog_bark,dog_bark,False,0.9048889875411987,0.8097779601812363,0.4533034439942987,0.904889,0.09511103
dog_bark_test_160.wav,dog_bark,dog_bark,dog_bark,False,0.895551323890686,0.7911026477813721,0.48294095624351024,0.8955513,0.104448676
dog_bark_test_161.wav,dog_bark,dog_bark,dog_bark,False,0.8852366209030151,0.7704732790589333,0.5141185731311982,0.8852366,0.11476334
dog_bark_test_162.wav,dog_bark,dog_bark,dog_bark,False,0.6629080772399902,0.32581615447998047,0.9220086223039654,0.6629081,0.33709192
dog_bark_test_163.wav,dog_bark,dog_bark,dog_bark,False,0.7872597575187683,0.5745194405317307,0.7466881321532114,0.78725976,0.21274032
dog_bark_test_164.wav,dog_bark,dog_bark,dog_bark,False,0.8828318119049072,0.7656636014580727,0.5211658202242782,0.8828318,0.11716821
dog_bark_test_165.wav,dog_bark,dog_bark,dog_bark,False,0.897489070892334,0.7949781268835068,0.4769049671375037,0.8974891,0.102510944
dog_bark_test_166.wav,dog_bark,dog_bark,dog_bark,False,0.6765704154968262,0.35314077138900757,0.9080720941826231,0.6765704,0.32342964
dog_bark_test_167.wav,dog_bark,dog_bark,dog_bark,False,0.8905381560325623,0.7810762971639633,0.4982906228113295,0.89053816,0.10946186
dog_bark_test_168.wav,dog_bark,dog_bark,dog_bark,False,0.8098373413085938,0.6196746081113815,0.7018117101633363,0.80983734,0.19016273
dog_bark_test_169.wav,dog_bark,dog_bark,dog_bark,False,0.517034649848938,0.034069329500198364,0.9991626192207843,0.48296532,0.51703465
dog_bark_test_170.wav,dog_bark,others,others,False,0.8523035049438477,0.7046070396900177,0.6040455925406097,0.14769647,0.8523035
dog_bark_test_171.wav,dog_bark,dog_bark,dog_bark,False,0.7910246253013611,0.582049161195755,0.7395197232825986,0.7910246,0.20897546
dog_bark_test_172.wav,dog_bark,dog_bark,dog_bark,False,0.6949474811553955,0.389894962310791,0.8873796575787626,0.6949475,0.30505252
dog_bark_test_173.wav,dog_bark,dog_bark,dog_bark,False,0.512410581111908,0.024821102619171143,0.999555427595355,0.5124106,0.48758948
dog_bark_test_174.wav,dog_bark,dog_bark,dog_bark,False,0.9014484286308289,0.8028968945145607,0.46438720989445414,0.9014484,0.098551534
dog_bark_test_175.wav,dog_bark,dog_bark,dog_bark,False,0.9035420417785645,0.8070840537548065,0.4576659989117475,0.90354204,0.09645799
dog_bark_test_176.wav,dog_bark,dog_bark,dog_bark,False,0.8531952500343323,0.7063904106616974,0.6017862134605624,0.85319525,0.14680484
dog_bark_test_177.wav,dog_bark,dog_bark,dog_bark,False,0.7734766006469727,0.5469531714916229,0.7719014767003026,0.7734766,0.22652343
dog_bark_test_178.wav,dog_bark,dog_bark,dog_bark,False,0.8868775963783264,0.7737553045153618,0.5092626429840869,0.8868776,0.11312229
dog_bark_test_179.wav,dog_bark,dog_bark,dog_bark,False,0.6642231941223145,0.3284463882446289,0.9207199563010504,0.6642232,0.3357768
dog_bark_test_180.wav,dog_bark,dog_bark,dog_bark,False,0.5293335318565369,0.05866703391075134,0.9975157133561221,0.52933353,0.4706665
dog_bark_test_181.wav,dog_bark,dog_bark,dog_bark,False,0.8895701169967651,0.7791401967406273,0.5012113181796072,0.8895701,0.11042992
dog_bark_test_182.wav,dog_bark,others,others,False,0.8286144733428955,0.657228946685791,0.6608644898063983,0.17138553,0.8286145
dog_bark_test_183.wav,dog_bark,dog_bark,dog_bark,False,0.8411142826080322,0.6822286546230316,0.6316370701881692,0.8411143,0.15888563
dog_bark_test_184.wav,dog_bark,dog_bark,dog_bark,False,0.6045117378234863,0.20902347564697266,0.9682501135894014,0.60451174,0.39548826
dog_bark_test_185.wav,dog_bark,dog_bark,dog_bark,False,0.8830747604370117,0.7661494165658951,0.5204576816593505,0.88307476,0.116925344
dog_bark_test_186.wav,dog_bark,dog_bark,dog_bark,False,0.8345555067062378,0.6691110730171204,0.6471768205808546,0.8345555,0.16544443
dog_bark_test_187.wav,dog_bark,others,others,False,0.677669882774353,0.3553396761417389,0.9068973666859047,0.3223302,0.6776699
dog_bark_test_188.wav,dog_bark,others,others,False,0.7336848974227905,0.46736976504325867,0.8361271937864625,0.26631513,0.7336849
dog_bark_test_189.wav,dog_bark,dog_bark,dog_bark,False,0.9033940434455872,0.8067880347371101,0.4581435947331935,0.90339404,0.09660601
dog_bark_test_190.wav,dog_bark,dog_bark,dog_bark,False,0.8837988972663879,0.7675977796316147,0.5183415641274718,0.8837989,0.11620112
dog_bark_test_191.wav,dog_bark,dog_bark,dog_bark,False,0.8817380666732788,0.7634761705994606,0.5243440596122229,0.88173807,0.118261896
dog_bark_test_192.wav,dog_bark,dog_bark,dog_bark,False,0.8746293783187866,0.7492587268352509,0.5446040458404888,0.8746294,0.12537065
dog_bark_test_193.wav,dog_bark,dog_bark,dog_bark,False,0.7676430344581604,0.5352860689163208,0.7820974681567042,0.76764303,0.23235697
dog_bark_test_194.wav,dog_bark,dog_bark,dog_bark,False,0.6751532554626465,0.35030654072761536,0.9095744486292352,0.67515326,0.3248467
dog_bark_test_195.wav,dog_bark,dog_bark,dog_bark,False,0.8992127776145935,0.7984256222844124,0.47148592279580476,0.8992128,0.100787155
dog_bark_test_196.wav,dog_bark,dog_bark,dog_bark,False,0.8964709043502808,0.7929417714476585,0.4800838084647264,0.8964709,0.10352913
dog_bark_test_197.wav,dog_bark,others,others,False,0.8060986995697021,0.6121974438428879,0.7095616353721789,0.19390126,0.8060987
dog_bark_test_198.wav,dog_bark,dog_bark,dog_bark,False,0.5494863390922546,0.09897267818450928,0.9929224007168782,0.54948634,0.45051366
dog_bark_test_199.wav,dog_bark,dog_bark,dog_bark,False,0.8931795358657837,0.786359116435051,0.49025030489650506,0.89317954,0.10682042
dog_bark_test_200.wav,dog_bark,dog_bark,dog_bark,False,0.5120626091957092,0.02412515878677368,0.9995800211144283,0.48793745,0.5120626
dog_bark_test_201.wav,dog_bark,dog_bark,dog_bark,False,0.6479113698005676,0.29582276940345764,0.9359195250103292,0.64791137,0.3520886
dog_bark_test_202.wav,dog_bark,dog_bark,dog_bark,False,0.9051704406738281,0.8103409260511398,0.4523879373480933,0.90517044,0.094829515
dog_bark_test_203.wav,dog_bark,dog_bark,dog_bark,False,0.5491970777511597,0.09839415550231934,0.9930050383806177,0.5491971,0.45080292
dog_bark_test_204.wav,dog_bark,others,others,False,0.7067334055900574,0.41346681118011475,0.8729036198816638,0.2932666,0.7067334
dog_bark_test_205.wav,dog_bark,others,others,False,0.6177026033401489,0.23540520668029785,0.959648401306498,0.3822974,0.6177026
dog_bark_test_206.wav,dog_bark,dog_bark,dog_bark,False,0.5285493731498718,0.05709874629974365,0.9976469361187305,0.5285494,0.47145063
dog_bark_test_207.wav,dog_bark,others,others,False,0.6564105749130249,0.31282109022140503,0.9282122085032378,0.34358948,0.6564106
dog_bark_test_208.wav,dog_bark,dog_bark,dog_bark,False,0.7450747489929199,0.4901495575904846,0.8189915303850956,0.74507475,0.2549252
dog_bark_test_209.wav,dog_bark,dog_bark,dog_bark,False,0.5599314570426941,0.11986285448074341,0.989611304731142,0.55993146,0.4400686
dog_bark_test_210.wav,dog_bark,dog_bark,dog_bark,False,0.818396806716919,0.6367935240268707,0.6835717891564421,0.8183968,0.18160328
dog_bark_test_211.wav,dog_bark,dog_bark,dog_bark,False,0.8113252520561218,0.6226505637168884,0.6986908699851171,0.81132525,0.18867469
dog_bark_test_212.wav,dog_bark,dog_bark,dog_bark,False,0.9074377417564392,0.8148754090070724,0.44496512314119174,0.90743774,0.09256233
dog_bark_test_213.wav,dog_bark,others,others,False,0.686662495136261,0.3733249306678772,0.8969885862564441,0.31333756,0.6866625
dog_bark_test_214.wav,dog_bark,dog_bark,dog_bark,False,0.7133722305297852,0.4267445206642151,0.8643251252566269,0.71337223,0.2866277
dog_bark_test_215.wav,dog_bark,dog_bark,dog_bark,False,0.8885719776153564,0.77714404463768,0.5042081588665543,0.888572,0.11142793
others_test_001.wav,others,others,others,False,0.8889992833137512,0.7779986411333084,0.5029269311132891,0.11100064,0.8889993
others_test_002.wav,others,others,others,False,0.8867160677909851,0.7734321057796478,0.5097425605713195,0.11328396,0.88671607
others_test_003.wav,others,others,others,False,0.8837652206420898,0.7675303518772125,0.5184403251647297,0.11623487,0.8837652
others_test_004.wav,others,others,others,False,0.8984290957450867,0.7968582063913345,0.47395550767086925,0.10157089,0.8984291
others_test_005.wav,others,others,others,False,0.8881953358650208,0.7763906568288803,0.50533550514296,0.11180468,0.88819534
others_test_006.wav,others,dog_bark,dog_bark,False,0.6882182955741882,0.37643662095069885,0.8952194007270183,0.6882183,0.31178167
others_test_007.wav,others,others,others,False,0.8852815628051758,0.7705631256103516,0.5139861464900338,0.11471844,0.88528156
others_test_008.wav,others,others,others,False,0.8793654441833496,0.7587308585643768,0.5311821758018536,0.120634586,0.87936544
others_test_009.wav,others,others,others,False,0.8845070600509644,0.7690141424536705,0.5162651315922796,0.11549292,0.88450706
others_test_010.wav,others,others,others,False,0.88238525390625,0.7647704854607582,0.5224654501211856,0.11761477,0.88238525
others_test_011.wav,others,others,others,False,0.8483360409736633,0.696672111749649,0.6139887265045804,0.15166393,0.84833604
others_test_012.wav,others,others,others,False,0.8800816535949707,0.7601633220911026,0.5291260372194632,0.11991833,0.88008165
others_test_013.wav,others,others,others,False,0.8727326989173889,0.745465412735939,0.5498957800248866,0.12726729,0.8727327
others_test_014.wav,others,others,others,False,0.875044584274292,0.7500891163945198,0.5434393793288459,0.12495547,0.8750446
others_test_015.wav,others,others,others,False,0.7526736855506897,0.5053474307060242,0.8070128527611756,0.24732625,0.7526737
others_test_016.wav,others,dog_bark,dog_bark,False,0.8612385392189026,0.7224770784378052,0.5809859867302736,0.86123854,0.13876146
others_test_017.wav,others,others,others,False,0.8420267701148987,0.6840534508228302,0.6294389169318289,0.15797332,0.84202677
others_test_018.wav,others,others,others,False,0.8724598288536072,0.7449197024106979,0.5506532346149491,0.12754013,0.8724598
others_test_019.wav,others,others,others,False,0.8459330201148987,0.6918659955263138,0.6199250946600746,0.15406702,0.845933
others_test_020.wav,others,others,others,False,0.8617914915084839,0.7235829383134842,0.5795278318249332,0.13820855,0.8617915
others_test_021.wav,others,others,others,False,0.6108068227767944,0.22161367535591125,0.9642769703891688,0.38919315,0.6108068
others_test_022.wav,others,others,others,False,0.8421047925949097,0.6842096298933029,0.6292502949594951,0.15789516,0.8421048
others_test_023.wav,others,others,others,False,0.8367919325828552,0.6735838353633881,0.641929371929054,0.1632081,0.83679193
others_test_024.wav,others,others,others,False,0.873127818107605,0.7462557256221771,0.548797154851175,0.12687209,0.8731278
others_test_025.wav,others,others,others,False,0.8844298720359802,0.7688597366213799,0.5164918477217796,0.115570135,0.8844299
others_test_026.wav,others,others,others,False,0.8842865824699402,0.7685731649398804,0.5169123453031391,0.11571342,0.8842866
others_test_027.wav,others,others,others,False,0.867974579334259,0.7359491437673569,0.5629668914470872,0.13202544,0.8679746
others_test_028.wav,others,others,others,False,0.763236403465271,0.5264727920293808,0.7896167216350771,0.23676361,0.7632364
others_test_029.wav,others,others,others,False,0.8772361874580383,0.7544723004102707,0.5372536793252632,0.12276389,0.8772362
others_test_030.wav,others,others,others,False,0.8876427412033081,0.7752855345606804,0.5069853777083496,0.11235721,0.88764274
others_test_031.wav,others,others,others,False,0.8577879071235657,0.7155758440494537,0.590002822136697,0.14221206,0.8577879
others_test_032.wav,others,others,others,False,0.8822715282440186,0.7645430266857147,0.5227960437718067,0.1177285,0.8822715
others_test_033.wav,others,others,others,False,0.8716456890106201,0.7432913035154343,0.5529076261981215,0.12835439,0.8716457
others_test_034.wav,others,others,others,False,0.882698118686676,0.7653962820768356,0.521555102954506,0.11730184,0.8826981
others_test_035.wav,others,others,others,False,0.8275728225708008,0.6551457047462463,0.6632270584769634,0.17242712,0.8275728
others_test_036.wav,others,dog_bark,dog_bark,False,0.5664030313491821,0.13280606269836426,0.9872395779844184,0.43359697,0.56640303
others_test_037.wav,others,others,others,False,0.7906261682510376,0.581252321600914,0.7402841861656838,0.20937385,0.79062617
others_test_038.wav,others,others,others,False,0.6339117288589478,0.2678234577178955,0.9476211385837092,0.36608827,0.6339117
others_test_039.wav,others,others,others,False,0.8840276002883911,0.7680551409721375,0.517671863685012,0.11597246,0.8840276
others_test_040.wav,others,others,others,False,0.8817968964576721,0.7635938227176666,0.5241735388138923,0.118203074,0.8817969
others_test_041.wav,others,others,others,False,0.8916902542114258,0.7833803966641426,0.4947966662720634,0.10830986,0.89169025
others_test_042.wav,others,others,others,False,0.8820886611938477,0.7641773000359535,0.5233271691933338,0.11791136,0.88208866
others_test_043.wav,others,others,others,False,0.886982798576355,0.7739655375480652,0.5089502794944573,0.11301726,0.8869828
others_test_044.wav,others,others,others,False,0.8274732232093811,0.6549464166164398,0.6634524847365819,0.1725268,0.8274732
others_test_045.wav,others,others,others,False,0.7552498579025269,0.5104996412992477,0.8028507866189702,0.24475022,0.75524986
others_test_046.wav,others,others,others,False,0.889543890953064,0.7790877968072891,0.5012901722250277,0.110456094,0.8895439
others_test_047.wav,others,others,others,False,0.8844311237335205,0.7688622400164604,0.516488150094786,0.11556888,0.8844311
others_test_048.wav,others,others,others,False,0.8753439784049988,0.7506880015134811,0.5425978682181741,0.12465598,0.875344
others_test_049.wav,others,others,others,False,0.7921299338340759,0.5842598676681519,0.7373916099608223,0.20787007,0.79212993
others_test_050.wav,others,others,others,False,0.8024766445159912,0.60495325922966,0.7169470863481805,0.19752339,0.80247664
others_test_051.wav,others,others,others,False,0.8798068165779114,0.7596135586500168,0.5299159965305388,0.12019326,0.8798068
others_test_052.wav,others,others,others,False,0.8831104636192322,0.7662209868431091,0.520353245194614,0.11688948,0.88311046
others_test_053.wav,others,others,others,False,0.8583022356033325,0.7166044414043427,0.5886679357963626,0.1416978,0.85830224
others_test_054.wav,others,others,others,False,0.8272172212600708,0.6544344276189804,0.6640312063567352,0.1727828,0.8272172
others_test_055.wav,others,others,others,False,0.8846613168716431,0.7693226337432861,0.5158119143115935,0.11533868,0.8846613
others_test_056.wav,others,others,others,False,0.8848103284835815,0.7696207389235497,0.5153736595215322,0.11518959,0.8848103
others_test_057.wav,others,others,others,False,0.8522067070007324,0.7044134140014648,0.6042903668484503,0.1477933,0.8522067
others_test_058.wav,others,others,others,False,0.7629766464233398,0.5259532481431961,0.7900551054121263,0.2370234,0.76297665
others_test_059.wav,others,others,others,False,0.8254909515380859,0.6509818881750107,0.6679163804310515,0.17450906,0.82549095
others_test_060.wav,others,others,others,False,0.890839159488678,0.7816783636808395,0.49737950172272105,0.109160796,0.89083916
others_test_061.wav,others,others,others,False,0.7149456739425659,0.42989134788513184,0.8622466289296243,0.28505433,0.7149457
others_test_062.wav,others,others,others,False,0.8331757187843323,0.6663515418767929,0.6503881666290904,0.16682418,0.8331757
others_test_063.wav,others,others,others,False,0.8806866407394409,0.7613733261823654,0.5273838529662229,0.119313315,0.88068664
others_test_064.wav,others,others,others,False,0.8760883808135986,0.7521767914295197,0.5405010987345175,0.12391159,0.8760884
others_test_065.wav,others,dog_bark,dog_bark,False,0.686333179473877,0.3726663589477539,0.897360928695562,0.6863332,0.31366682
others_test_066.wav,others,others,others,False,0.8796021938323975,0.7592043951153755,0.5305032742875726,0.1203978,0.8796022
others_test_067.wav,others,others,others,False,0.8706915974617004,0.7413832098245621,0.5555384018127072,0.12930839,0.8706916
others_test_068.wav,others,others,others,False,0.8822160959243774,0.7644322365522385,0.5229569765373515,0.11778386,0.8822161
others_test_069.wav,others,others,others,False,0.877953052520752,0.7559061944484711,0.5352161148691661,0.12204686,0.87795305
others_test_070.wav,others,others,others,False,0.8862638473510742,0.7725276425480843,0.5110835522957595,0.113736205,0.88626385
others_test_071.wav,others,others,others,False,0.8544698357582092,0.7089396715164185,0.5985405568734794,0.14553016,0.85446984
others_test_072.wav,others,others,others,False,0.8798335790634155,0.759667158126831,0.5298390342942777,0.12016642,0.8798336
others_test_073.wav,others,others,others,False,0.8764415979385376,0.7528831511735916,0.5395036853508387,0.12355845,0.8764416
others_test_074.wav,others,others,others,False,0.8799033164978027,0.7598066329956055,0.5296387175016852,0.12009668,0.8799033
others_test_075.wav,others,others,others,False,0.8315936326980591,0.6631872802972794,0.6540462376129422,0.16840635,0.83159363
others_test_076.wav,others,others,others,False,0.8820343017578125,0.7640685215592384,0.5234850922624885,0.11796578,0.8820343
others_test_077.wav,others,others,others,False,0.8531076312065125,0.7062152326107025,0.602008587028128,0.1468924,0.85310763
others_test_078.wav,others,others,others,False,0.8611682057380676,0.7223364114761353,0.5811711690495901,0.1388318,0.8611682
others_test_079.wav,others,others,others,False,0.8823297619819641,0.7646595984697342,0.5226265548693814,0.11767016,0.88232976
others_test_080.wav,others,others,others,False,0.8754940032958984,0.7509881034493446,0.5421758227929568,0.1245059,0.875494
others_test_081.wav,others,others,others,False,0.8809096217155457,0.7618191987276077,0.5267405948563333,0.11909042,0.8809096
others_test_082.wav,others,others,others,False,0.8632798194885254,0.726559653878212,0.5755843556319744,0.13672017,0.8632798
others_test_083.wav,others,others,others,False,0.8915504217147827,0.7831008434295654,0.4952216354023454,0.10844958,0.8915504
others_test_084.wav,others,others,others,False,0.8701269030570984,0.7402538806200027,0.5570899003018033,0.12987302,0.8701269
others_test_085.wav,others,others,others,False,0.7488433122634888,0.4976866543292999,0.8131062840725704,0.25115666,0.7488433
others_test_086.wav,others,others,others,False,0.8831645250320435,0.7663291096687317,0.5201954941081102,0.116835415,0.8831645
others_test_087.wav,others,dog_bark,dog_bark,False,0.523282527923584,0.04656514525413513,0.9984353045902855,0.5232825,0.47671738
others_test_088.wav,others,others,others,False,0.8157141208648682,0.6314282417297363,0.6893637348808743,0.18428588,0.8157141
others_test_089.wav,others,others,others,False,0.8847752809524536,0.7695505544543266,0.5154768921077126,0.11522473,0.8847753
others_test_090.wav,others,others,others,False,0.8745558261871338,0.7491116672754288,0.5448100810562224,0.12544416,0.8745558
others_test_091.wav,others,others,others,False,0.85377436876297,0.7075487524271011,0.6003137839952004,0.14622562,0.85377437
others_test_092.wav,others,others,others,False,0.8807666301727295,0.7615332007408142,0.5271533102227414,0.11923343,0.88076663
others_test_093.wav,others,others,others,False,0.6090865135192871,0.21817299723625183,0.9653865164612102,0.39091352,0.6090865
others_test_094.wav,others,others,others,False,0.8831121921539307,0.7662244290113449,0.5203482147020763,0.11688776,0.8831122
others_test_095.wav,others,others,others,False,0.881249189376831,0.7624984607100487,0.5257593048461728,0.11875073,0.8812492
others_test_096.wav,others,others,others,False,0.8887113332748413,0.777422733604908,0.5037906279859221,0.1112886,0.88871133
others_test_097.wav,others,others,others,False,0.87972092628479,0.7594419121742249,0.5301624476692252,0.120279014,0.8797209
others_test_098.wav,others,others,others,False,0.8923919200897217,0.7847838625311852,0.49265874993918785,0.10760806,0.8923919
others_test_099.wav,others,others,others,False,0.8810149431228638,0.7620298787951469,0.5264364005426198,0.118985064,0.88101494
others_test_100.wav,others,others,others,False,0.840890645980835,0.6817812770605087,0.6321746019634409,0.15910937,0.84089065
others_test_101.wav,others,others,others,False,0.806300699710846,0.6126013994216919,0.7091462542746825,0.1936993,0.8063007
others_test_102.wav,others,others,others,False,0.7785260081291199,0.5570519715547562,0.7628498578027422,0.22147404,0.778526
others_test_103.wav,others,others,others,False,0.880856990814209,0.761713981628418,0.5268924125413825,0.11914301,0.880857
others_test_104.wav,others,others,others,False,0.8863083124160767,0.7726166471838951,0.5109517275938732,0.113691665,0.8863083
others_test_105.wav,others,others,others,False,0.8805574178695679,0.7611148655414581,0.5277563673879918,0.11944255,0.8805574
others_test_106.wav,others,others,others,False,0.8694525361061096,0.7389050722122192,0.5589376819026733,0.13054746,0.86945254
others_test_107.wav,others,others,others,False,0.8286091089248657,0.657218262553215,0.6608766145832842,0.17139085,0.8286091
others_test_108.wav,others,others,others,False,0.6564666032791138,0.3129332363605499,0.9281599257773755,0.34353337,0.6564666
others_test_109.wav,others,others,others,False,0.8733878135681152,0.7467755377292633,0.5480734518563443,0.12661228,0.8733878
others_test_110.wav,others,others,others,False,0.833405077457428,0.6668101996183395,0.6498557943333445,0.16659488,0.8334051
others_test_111.wav,others,others,others,False,0.7962492108345032,0.5924985110759735,0.7293664695149364,0.2037507,0.7962492
others_test_112.wav,others,others,others,False,0.8601259589195251,0.7202519625425339,0.5839087458903616,0.139874,0.86012596
others_test_113.wav,others,others,others,False,0.8738430142402649,0.7476859986782074,0.5468037469406869,0.12615702,0.873843
others_test_114.wav,others,others,others,False,0.8908230662345886,0.7816461324691772,0.4974283447955661,0.109176934,0.89082307
others_test_115.wav,others,others,others,False,0.8839516639709473,0.7679032906889915,0.517894323243903,0.11604837,0.88395166
others_test_116.wav,others,others,others,False,0.8554646968841553,0.7109293639659882,0.5959942677361301,0.14453533,0.8554647
others_test_117.wav,others,others,others,False,0.8772550821304321,0.7545100823044777,0.5372000207381941,0.122745,0.8772551
others_test_118.wav,others,others,others,False,0.8850219249725342,0.7700438499450684,0.5147511253210716,0.114978075,0.8850219
others_test_119.wav,others,others,others,False,0.8709163665771484,0.7418326437473297,0.5549198232132164,0.12908372,0.87091637
others_test_120.wav,others,others,others,False,0.8930502533912659,0.7861005216836929,0.4906463379457794,0.10694973,0.89305025
others_test_121.wav,others,dog_bark,dog_bark,False,0.6405454874038696,0.28109100461006165,0.9422294824791602,0.6405455,0.35945448
others_test_122.wav,others,others,others,False,0.8878933191299438,0.7757866531610489,0.5062378121207117,0.112106666,0.8878933
others_test_123.wav,others,others,others,False,0.828101396560669,0.6562027335166931,0.6620296722659939,0.17189866,0.8281014
others_test_124.wav,others,dog_bark,dog_bark,False,0.5547798275947571,0.10955971479415894,0.9913239939597592,0.5547798,0.4452201
others_test_125.wav,others,others,others,False,0.8334215879440308,0.6668432205915451,0.6498173992065394,0.16657837,0.8334216
others_test_126.wav,others,others,others,False,0.8677177429199219,0.7354355603456497,0.563664109113685,0.13228218,0.86771774
others_test_127.wav,others,dog_bark,dog_bark,False,0.5154818892478943,0.030963808298110962,0.9993082885260651,0.48451808,0.5154819
others_test_128.wav,others,others,others,False,0.7691359519958496,0.5382719188928604,0.7795144607233957,0.23086403,0.76913595
others_test_129.wav,others,others,others,False,0.8104703426361084,0.620940774679184,0.7004864548514502,0.18952957,0.81047034
others_test_130.wav,others,others,others,False,0.7962263226509094,0.5924526751041412,0.7294115289694625,0.20377365,0.7962263
others_test_131.wav,others,others,others,False,0.7139370441436768,0.4278741478919983,0.8635809563263435,0.2860629,0.71393704
others_test_132.wav,others,others,others,False,0.6509547233581543,0.30190950632095337,0.9332125180857486,0.34904522,0.6509547
others_test_133.wav,others,others,others,False,0.6897317171096802,0.3794633150100708,0.8934828919012565,0.3102684,0.6897317
others_test_134.wav,others,others,others,False,0.7627586722373962,0.5255172848701477,0.7904226323370201,0.23724139,0.7627587
others_test_135.wav,others,others,others,False,0.6338527202606201,0.2677054703235626,0.9476679178647439,0.36614725,0.6338527
others_test_136.wav,others,others,others,False,0.6781234741210938,0.3562469482421875,0.9064104838013122,0.32187653,0.6781235
others_test_137.wav,others,others,others,False,0.7952203154563904,0.590440571308136,0.7313851158794387,0.20477974,0.7952203
others_test_138.wav,others,others,others,False,0.6177026033401489,0.23540520668029785,0.959648401306498,0.3822974,0.6177026
others_test_139.wav,others,others,others,False,0.6476946473121643,0.2953893840312958,0.9361100817874851,0.35230526,0.64769465
others_test_140.wav,others,others,others,False,0.8372534513473511,0.6745069921016693,0.6408397758445127,0.16274646,0.83725345
others_test_141.wav,others,dog_bark,dog_bark,False,0.5354329347610474,0.07086580991744995,0.9963744364849965,0.53543293,0.46456712
others_test_142.wav,others,others,others,False,0.5896676778793335,0.179335355758667,0.976674683741916,0.41033232,0.5896677
others_test_143.wav,others,others,others,False,0.6352934241294861,0.2705867886543274,0.946520793583489,0.36470664,0.6352934
others_test_144.wav,others,others,others,False,0.8698340058326721,0.7396680563688278,0.5578931882683208,0.13016595,0.869834
others_test_145.wav,others,others,others,False,0.8372369408607483,0.6744738966226578,0.6408788589019212,0.16276304,0.83723694
others_test_146.wav,others,others,others,False,0.838539183139801,0.6770783066749573,0.6377929312018271,0.16146088,0.8385392
others_test_147.wav,others,others,others,False,0.8237585425376892,0.6475170850753784,0.6717853021448612,0.17624146,0.82375854
others_test_148.wav,others,others,others,False,0.8409871459007263,0.681974247097969,0.6319428123457406,0.1590129,0.84098715
others_test_149.wav,others,others,others,False,0.7925430536270142,0.5850861370563507,0.7365936104608188,0.20745692,0.79254305
others_test_150.wav,others,others,others,False,0.8710619807243347,0.7421239614486694,0.554518501697428,0.12893802,0.871062
others_test_151.wav,others,others,others,False,0.6521474719047546,0.3042949140071869,0.9321356487173711,0.34785256,0.6521475
others_test_152.wav,others,dog_bark,dog_bark,False,0.7162361145019531,0.4324721693992615,0.8605288662128067,0.7162361,0.28376395
others_test_153.wav,others,dog_bark,dog_bark,False,0.7276296019554138,0.45525917410850525,0.8448455103066508,0.7276296,0.27237043
others_test_154.wav,others,others,others,False,0.6697686314582825,0.3395373225212097,0.915162594912395,0.3302313,0.66976863
others_test_155.wav,others,dog_bark,dog_bark,False,0.8108947277069092,0.6217895001173019,0.6995959286852825,0.8108947,0.18910523
others_test_156.wav,others,others,others,False,0.8180954456329346,0.6361909359693527,0.6842257961820106,0.18190451,0.81809545
others_test_157.wav,others,dog_bark,dog_bark,False,0.5500389933586121,0.10007801651954651,0.9927631447821792,0.44996098,0.550039
others_test_158.wav,others,others,others,False,0.7329978942871094,0.46599581837654114,0.8371298526409926,0.26700208,0.7329979
others_test_159.wav,others,others,others,False,0.7639672160148621,0.5279345065355301,0.7883803383580243,0.23603271,0.7639672
others_test_160.wav,others,others,others,False,0.8881609439849854,0.7763219624757767,0.5054381787855251,0.11183898,0.88816094
others_test_161.wav,others,others,others,False,0.8475523591041565,0.6951045840978622,0.6159319584766793,0.15244778,0.84755236
others_test_162.wav,others,others,others,False,0.7590409517288208,0.518081933259964,0.7966315499984693,0.24095902,0.75904095
others_test_163.wav,others,others,others,False,0.7921402454376221,0.5842804312705994,0.7373718319559731,0.20785981,0.79214025
others_test_164.wav,others,others,others,False,0.8793707489967346,0.7587414681911469,0.5311669983329149,0.12062928,0.87937075
others_test_165.wav,others,others,others,False,0.8044614195823669,0.6089228391647339,0.7129150390900274,0.19553858,0.8044614
others_test_166.wav,others,others,others,False,0.7569078803062439,0.5138157308101654,0.8001446396076439,0.24309215,0.7569079
others_test_167.wav,others,dog_bark,dog_bark,False,0.7258496284484863,0.4516991972923279,0.8473573169225022,0.7258496,0.27415043
others_test_168.wav,others,others,others,False,0.7744779586791992,0.548955887556076,0.7701231760903812,0.22552207,0.77447796
others_test_169.wav,others,others,others,False,0.8749162554740906,0.7498324513435364,0.543799596991078,0.1250838,0.87491626
others_test_170.wav,others,others,others,False,0.8762247562408447,0.7524495050311089,0.5401161585662239,0.12377525,0.87622476
others_test_171.wav,others,dog_bark,dog_bark,False,0.5258356928825378,0.051671385765075684,0.9980732811102193,0.5258357,0.4741643
others_test_172.wav,others,others,others,False,0.8698267936706543,0.739653617143631,0.5579130092688327,0.13017318,0.8698268
others_test_173.wav,others,others,others,False,0.9175882339477539,0.835176482796669,0.41062066071617875,0.08241175,0.91758823
others_test_174.wav,others,others,others,False,0.8222495913505554,0.6444992572069168,0.6751308806520955,0.17775033,0.8222496
others_test_175.wav,others,dog_bark,dog_bark,False,0.5940557718276978,0.18811151385307312,0.9743217031041366,0.5940558,0.40594426
others_test_176.wav,others,others,others,False,0.6608583927154541,0.3217168152332306,0.9239950219214309,0.33914158,0.6608584
others_test_177.wav,others,others,others,False,0.760586142539978,0.5211722552776337,0.7940641929863893,0.23941389,0.76058614
others_test_178.wav,others,others,others,False,0.7952615022659302,0.5905230641365051,0.7313043700248586,0.20473844,0.7952615
others_test_179.wav,others,others,others,False,0.8921404480934143,0.7842809110879898,0.4934257065707105,0.10785954,0.89214045
others_test_180.wav,others,others,others,False,0.8623371124267578,0.7246743142604828,0.5780851123625078,0.1376628,0.8623371
others_test_181.wav,others,others,others,False,0.6979002952575684,0.3958006501197815,0.8838424044071418,0.30209965,0.6979003
others_test_182.wav,others,others,others,False,0.8188156485557556,0.63763128221035,0.6826611410201235,0.18118437,0.81881565
others_test_183.wav,others,others,others,False,0.8431366682052612,0.6862733215093613,0.6267525909210145,0.15686335,0.84313667
others_test_184.wav,others,others,others,False,0.6177026033401489,0.23540520668029785,0.959648401306498,0.3822974,0.6177026
others_test_185.wav,others,others,others,False,0.5757713913917542,0.15154284238815308,0.983370140322656,0.42422855,0.5757714
others_test_186.wav,others,others,others,False,0.6811618804931641,0.3623237907886505,0.9031134903929466,0.3188381,0.6811619
others_test_187.wav,others,others,others,False,0.8535653352737427,0.7071307003498077,0.6008456403429936,0.14643463,0.85356534
others_test_188.wav,others,others,others,False,0.8910015821456909,0.7820031717419624,0.49688745935860257,0.10899841,0.8910016
others_test_189.wav,others,others,others,False,0.797264575958252,0.5945291519165039,0.7273653653808223,0.20273542,0.7972646
others_test_190.wav,others,others,others,False,0.8290746212005615,0.6581492573022842,0.6598172874452947,0.17092536,0.8290746
others_test_191.wav,others,others,others,False,0.6229435801506042,0.2458871603012085,0.955936499752926,0.37705642,0.6229436
others_test_192.wav,others,others,others,False,0.803370475769043,0.6067408919334412,0.7151358080649561,0.19662958,0.8033705
others_test_193.wav,others,others,others,False,0.8849713802337646,0.7699428424239159,0.5148997613270798,0.11502854,0.8849714
others_test_194.wav,others,others,others,False,0.7649370431900024,0.5298740565776825,0.7867333465020366,0.23506299,0.76493704
others_test_195.wav,others,others,others,False,0.8780008554458618,0.7560017928481102,0.5350800335966709,0.12199906,0.87800086
others_test_196.wav,others,dog_bark,dog_bark,False,0.5436757206916809,0.08735138177871704,0.9944888187009366,0.45632434,0.5436757
others_test_197.wav,others,others,others,False,0.6938671469688416,0.3877342939376831,0.8886589505272057,0.30613285,0.69386715
others_test_198.wav,others,others,others,False,0.8821673393249512,0.7643346935510635,0.5230986472459997,0.117832646,0.88216734
others_test_199.wav,others,others,others,False,0.790320098400116,0.5806401669979095,0.7408704750224752,0.20967993,0.7903201
others_test_200.wav,others,others,others,False,0.7376946210861206,0.47538918256759644,0.8302053151693034,0.26230544,0.7376946
others_test_201.wav,others,others,others,False,0.6235092878341675,0.24701851606369019,0.9555258051826656,0.37649077,0.6235093
others_test_202.wav,others,others,others,False,0.8756595849990845,0.7513191625475883,0.5417098787961068,0.12434042,0.8756596
others_test_203.wav,others,others,others,False,0.8602674007415771,0.7205347865819931,0.5835381232777522,0.13973261,0.8602674
others_test_204.wav,others,others,others,False,0.8705013394355774,0.74100261926651,0.5560617880149454,0.12949872,0.87050134
others_test_205.wav,others,others,others,False,0.852283239364624,0.7045663893222809,0.6040970153532178,0.14771685,0.85228324
others_test_206.wav,others,dog_bark,dog_bark,False,0.6259663105010986,0.25193265080451965,0.9537189554527009,0.6259663,0.37403366
others_test_207.wav,others,dog_bark,dog_bark,False,0.5775701999664307,0.15514034032821655,0.9825678412563811,0.5775702,0.42242986
others_test_208.wav,others,others,others,False,0.5970913767814636,0.19418269395828247,0.9726265561059073,0.40290868,0.5970914
others_test_209.wav,others,others,others,False,0.8773728013038635,0.7547455802559853,0.5368658584475676,0.12262722,0.8773728
others_test_210.wav,others,others,others,False,0.8131992220878601,0.6263984441757202,0.6947307114750246,0.18680078,0.8131992
others_test_211.wav,others,others,others,False,0.8206534385681152,0.6413069665431976,0.678645346122477,0.17934647,0.82065344
others_test_212.wav,others,others,others,False,0.7468627691268921,0.4937255382537842,0.8162127207037798,0.25313723,0.74686277
others_test_213.wav,others,dog_bark,dog_bark,False,0.5261996984481812,0.05239945650100708,0.9980185046359195,0.5261997,0.47380024
others_test_214.wav,others,others,others,False,0.7781801819801331,0.5563603341579437,0.7634765625824862,0.22181985,0.7781802
others_test_215.wav,others,others,others,False,0.8802990913391113,0.7605981901288033,0.5285005363182752,0.1197009,0.8802991
